{"_runtime":267,"eval/decoded_circuits":162608,"eval/decode_failures":719,"eval/srv_exact_match_rate":0.8496384024620056,"eval/n_entangled_acc/0":0.9950699339005953,"eval/n_entangled_acc/2":0.7892818624716427,"eval/n_entangled_acc/3":0.5235186087477981,"_wandb":{"runtime":267}}