{"eval/decoded_circuits":280074,"eval/n_entangled_acc/3":0.7446613670017925,"_runtime":437,"eval/n_entangled_acc/2":0.9206741299586274,"_wandb":{"runtime":437},"eval/srv_exact_match_rate":0.8897969722747803,"eval/n_entangled_acc/0":0.9995830727538044,"eval/decode_failures":1896,"eval/n_entangled_acc/4":0.6440111952165892}