{"_runtime":44.964782514,"loss_valid":0.06975796073675156,"epoch":5,"_timestamp":1.7667767078598592e+09,"_step":5,"loss":0.0596904493868351,"_wandb":{"runtime":44}}